发现日期,类型,地区,职位,公司,地点,远程,网站,发布日期,法语,链接,公司官网链接
2026-10-05,DA,远程,"Data Analyst, Platform Excellence Ops Analytics",Jobgether,Canada,是,LinkedIn,2026-10-05,,https://www.linkedin.com/jobs/view/4474225674,
2026-10-05,DA,远程,Senior Product Analyst (CX),Jobgether,Canada,是,LinkedIn,2026-10-05,,https://www.linkedin.com/jobs/view/4474271018,
2026-10-05,DA,远程,"Staff Data Scientist, Growth",Shakepay,Canada,是,LinkedIn,2026-10-05,,https://www.linkedin.com/jobs/view/4452999398,
2026-10-05,DA,远程,Remote Business Generalist (Canada),Rex.zone,Canada,是,LinkedIn,2026-10-05,,https://www.linkedin.com/jobs/view/4447886240,
2026-10-05,DA,远程,Population Health Informaticist,Alignerr,Canada,是,LinkedIn,2026-10-05,,https://www.linkedin.com/jobs/view/4475532112,
2026-10-05,DA,远程,Data Analyst | $60/hr Remote,Crossing Hurdles,Canada,是,LinkedIn,2026-10-05,,https://www.linkedin.com/jobs/view/4474250644,
2026-10-05,DA,远程,Clinical Business Intelligence Manager,Alignerr,"Toronto, Ontario, Canada",是,LinkedIn,2026-10-05,,https://www.linkedin.com/jobs/view/4475523333,
2026-10-05,DA,远程,CRO Strategist,Fuelerate,Canada,是,LinkedIn,2026-10-05,,https://www.linkedin.com/jobs/view/4473634869,
2026-10-05,DA,远程,Revenue Operations & CRM Systems Specialist (Remote | $45–$90/hr),Synthires,Canada,是,LinkedIn,2026-10-05,,https://www.linkedin.com/jobs/view/4473645592,
2026-10-05,DA,远程,Revenue Operations Specialist (Remote | $50–$100/hr),Synthires,Canada,是,LinkedIn,2026-10-05,,https://www.linkedin.com/jobs/view/4473646481,
2026-10-05,DA,远程,"Senior Business Applications Analyst, EHR - REMOTE (Canada)",HCN Canadian Management Services ULC,CA,是,Indeed,2026-10-05,,https://ca.indeed.com/viewjob?jk=9bc625825c409a42,https://recruiting.ultipro.com/WEL1008WLLT/JobBoard/30969ce4-3b7e-40a6-b86c-34d3616fe0ed/OpportunityDetail?opportunityId=06a9d98c-5a90-41aa-9a60-de3b341cac5b&postingId=653984e0-6782-4618-bc36-17ee771b1356
2026-10-05,QA,远程,Senior QA Engineer - Remote,Kake,"Toronto, Ontario, Canada",是,LinkedIn,2026-10-05,,https://www.linkedin.com/jobs/view/4449203463,
2026-10-05,QA,远程,Senior QA Engineer - Remote,Kake,"Montreal, Quebec, Canada",是,LinkedIn,2026-10-05,,https://www.linkedin.com/jobs/view/4449202532,
2026-10-05,QA,远程,"Software Engineer II, Backend (Test Infra)",Affirm,"Toronto, Ontario, Canada",是,LinkedIn,2026-10-05,,https://www.linkedin.com/jobs/view/4438351335,
2026-10-05,QA,远程,"Software Engineer II, Backend (Test Infra)",Affirm,"Kitchener, Ontario, Canada",是,LinkedIn,2026-10-05,,https://www.linkedin.com/jobs/view/4438350370,
2026-10-05,QA,远程,Remote Typescript Engineer,Turing,"Montreal, Quebec, Canada",是,LinkedIn,2026-10-05,,https://www.linkedin.com/jobs/view/4474274369,
2026-10-05,QA,远程,Remote Typescript Engineer,Turing,"Toronto, Ontario, Canada",是,LinkedIn,2026-10-05,,https://www.linkedin.com/jobs/view/4474265714,
2026-10-05,QA,远程,Web Developer,AfterQuery Experts,"Vancouver, British Columbia, Canada",是,LinkedIn,2026-10-05,,https://www.linkedin.com/jobs/view/4475538235,
2026-10-05,QA,远程,Software Developer,AfterQuery Experts,"Vancouver, British Columbia, Canada",是,LinkedIn,2026-10-05,,https://www.linkedin.com/jobs/view/4475536382,
2026-10-05,QA,远程,Software Engineer - YAML Experience,Alignerr,Canada,是,LinkedIn,2026-10-05,,https://www.linkedin.com/jobs/view/4475518550,
2026-10-05,QA,远程,"Governance, Risk & Compliance (GRC) Analyst",Alignerr,"Montreal, Quebec, Canada",是,LinkedIn,2026-10-05,,https://www.linkedin.com/jobs/view/4475523316,
2026-10-05,DA,远程,"Product Manager II, Wholesale Network",Lightspeed Commerce,"Montreal, Quebec, Canada",是,LinkedIn,2026-10-05,,https://www.linkedin.com/jobs/view/4417698365,
2026-10-05,DA,远程,Remote Python Engineer,Turing,"Montreal, Quebec, Canada",是,LinkedIn,2026-10-05,,https://www.linkedin.com/jobs/view/4474267680,
2026-10-05,DA,远程,Remote Python/Typescript Engineer,Turing,"Montreal, Quebec, Canada",是,LinkedIn,2026-10-05,,https://www.linkedin.com/jobs/view/4474273374,
2026-10-05,QA,远程,Remote Python Engineer,Turing,"Toronto, Ontario, Canada",是,LinkedIn,2026-10-05,,https://www.linkedin.com/jobs/view/4474275349,
2026-10-05,DA,远程,"SEO Analyst (Remote, Edmonton)",Blacksmith Agency,Canada,是,LinkedIn,2026-10-04,,https://www.linkedin.com/jobs/view/4475503578,
2026-10-05,QA,远程,Staff Quality Engineer,StackAdapt,"Vancouver, British Columbia, Canada",是,LinkedIn,2026-10-04,,https://www.linkedin.com/jobs/view/4447078264,
2026-10-05,DA,蒙特利尔,"Senior Consultant, Financial Crimes - Data Analytics",KPMG Canada,"Montreal, Quebec, Canada",,LinkedIn,2026-10-05,,https://www.linkedin.com/jobs/view/4430727341,
2026-10-05,QA,蒙特利尔,Développeur en automatisation des tests QA,Highspring,"Montreal, Quebec, Canada",,LinkedIn,2026-10-05,可能要求,https://www.linkedin.com/jobs/view/4469943247,
2026-10-05,QA,蒙特利尔,"Business Analyst, IT",Alto,"Montreal, Quebec, Canada",,LinkedIn,2026-10-05,加分,https://www.linkedin.com/jobs/view/4467123975,
2026-10-05,DA,蒙特利尔,Stage - Hiver 2027 - Approvisionnement Stratégique /Internship - Winter 2027 - Strategic Sourcing,Pratt & Whitney,"Longueuil, Quebec, Canada",,LinkedIn,2026-10-05,可能要求,https://www.linkedin.com/jobs/view/4457826004,
2026-10-05,DA,蒙特利尔,Digital Asset Consultant (AVEVA PI) (m/f/d),Orise,"Montreal, Quebec, Canada",,LinkedIn,2026-10-05,,https://www.linkedin.com/jobs/view/4474268551,
2026-10-05,DA,蒙特利尔,Senior Financial Analyst - Sales Accounting,Kruger Inc.,"Montreal, Quebec, Canada",,LinkedIn,2026-10-05,可能要求,https://www.linkedin.com/jobs/view/4475800261,
2026-10-05,DA,蒙特利尔,Customer Growth Strategy Consultant,Accenture,"Montreal, Quebec, Canada",,LinkedIn,2026-10-05,,https://www.linkedin.com/jobs/view/4451102328,
2026-10-05,DA,蒙特利尔,"Senior Software Developer, Search Platform",Flare,"Montréal-Ouest, Quebec, Canada",,LinkedIn,2026-10-05,可能要求,https://www.linkedin.com/jobs/view/4470454353,
2026-10-05,DA,蒙特利尔,Human Resources Analyst,Infotree Global Solutions,"Montreal, Quebec, Canada",,LinkedIn,2026-10-05,,https://www.linkedin.com/jobs/view/4474294037,
2026-10-05,DA,蒙特利尔,Systems Analyst/Analyste de systèmes,MDA Space,"Sainte-Anne-de-Bellevue, Quebec, Canada",,LinkedIn,2026-10-05,,https://www.linkedin.com/jobs/view/4438363679,
2026-10-05,QA,蒙特利尔,SAP QA Automation,"Zodiac Solutions, Inc","Montreal, Quebec, Canada",,LinkedIn,2026-10-05,,https://www.linkedin.com/jobs/view/4473658217,
2026-10-05,QA,蒙特利尔,Quality Assurance Specialist,Nualtis,"Montreal, Quebec, Canada",,LinkedIn,2026-10-05,加分,https://www.linkedin.com/jobs/view/4473658134,
2026-10-05,QA,蒙特利尔,Quality Assurance Engineer - Mechanical,MDA Space,"Sainte-Anne-de-Bellevue, Quebec, Canada",,LinkedIn,2026-10-05,可能要求,https://www.linkedin.com/jobs/view/4436810876,
2026-10-05,QA,蒙特利尔,Construction & Commissioning Quality Engineer,DSJ Global,"Brossard, Quebec, Canada",,LinkedIn,2026-10-05,,https://www.linkedin.com/jobs/view/4475595040,
2026-10-05,QA,蒙特利尔,Business Analyst and Scrum Master,Open Systems Technologies,"Montreal, Quebec, Canada",,LinkedIn,2026-10-05,,https://www.linkedin.com/jobs/view/4470317050,
2026-10-05,QA,蒙特利尔,Ingénieur(e) certification logicielle - systèmes de contrôle (DO-178C) / Control Systems Software Certification Engineer (DO-178C),Pratt & Whitney,"Longueuil, Quebec, Canada",,LinkedIn,2026-10-05,,https://www.linkedin.com/jobs/view/4411447762,
2026-10-05,QA,蒙特利尔,Senior Technical Expert & Certification Specialist,Aversan Inc.,"Mirabel, Quebec, Canada",,LinkedIn,2026-10-05,,https://www.linkedin.com/jobs/view/4475592761,
2026-10-05,QA,蒙特利尔,SAP PM Consultant,W3Global,"Montreal, Quebec, Canada",,LinkedIn,2026-10-05,,https://www.linkedin.com/jobs/view/4474260482,
2026-10-05,QA,蒙特利尔,Systems Sr Designer,Zimmer Biomet,"Montreal, Quebec, Canada",,LinkedIn,2026-10-05,加分,https://www.linkedin.com/jobs/view/4446957575,
2026-10-05,QA,蒙特利尔,Sap PP/QM Consultant,PrithviTech Global Pvt Ltd |India| US| UAE| Netherlands,"Longueuil, Quebec, Canada",,LinkedIn,2026-10-05,,https://www.linkedin.com/jobs/view/4474288410,
2026-10-05,QA,蒙特利尔,PTC Windchill Technical Architect,Accenture,"Montreal, Quebec, Canada",,LinkedIn,2026-10-05,,https://www.linkedin.com/jobs/view/4443271648,
2026-10-05,QA,蒙特利尔,SAP Project Management,Yochana,"Montreal, Quebec, Canada",,LinkedIn,2026-10-05,,https://www.linkedin.com/jobs/view/4474289328,
2026-10-05,QA,蒙特利尔,TECHNICAL INTEGRATION & CONVERSION COORDINATOR - RIS / PACS,Chrome Technologies,"Montreal, Quebec, Canada",,LinkedIn,2026-10-05,,https://www.linkedin.com/jobs/view/4474270166,
2026-10-05,QA,蒙特利尔,Python Developer,KTek Resourcing,"Montreal, Quebec, Canada",,LinkedIn,2026-10-05,,https://www.linkedin.com/jobs/view/4474778369,
2026-10-05,QA,蒙特利尔,Stage - Hiver 2027 -  Gestionnaire de projets et amélioration continue |  Internship - Winter 2027 - Project Management and Continuous improvement,Pratt & Whitney,"Longueuil, Quebec, Canada",,LinkedIn,2026-10-05,可能要求,https://www.linkedin.com/jobs/view/4457812864,
2026-10-05,QA,蒙特利尔,Software Developer - Applications,Nakisa,"Montreal, Quebec, Canada",,LinkedIn,2026-10-05,加分,https://www.linkedin.com/jobs/view/4461920009,
2026-10-05,QA,蒙特利尔,Intermediate Electronics Validation and Test Engineer/Designer,MDA Space,"Sainte-Anne-de-Bellevue, Quebec, Canada",,LinkedIn,2026-10-05,,https://www.linkedin.com/jobs/view/4412135402,
2026-10-05,QA,蒙特利尔,Web Operations Coordinator- Little Burgundy,GCO Canada ULC,"Montréal, QC, CA",,Indeed,2026-10-05,,https://ca.indeed.com/viewjob?jk=45d41c1363386fac,https://recruiting.ultipro.com/GEN1014GENES/JobBoard/8ee2a2dc-7b3b-419a-83f9-f26ded918f47/OpportunityDetail?opportunityId=ee3efb3d-a509-4241-a238-20066e78c1ab&postingId=881452e3-025f-45e1-8b11-a289496ba0b5
2026-10-05,DA,蒙特利尔,Audit Coordinator,Insight Global,"Montreal, Quebec, Canada",,LinkedIn,2026-10-04,可能要求,https://www.linkedin.com/jobs/view/4474218462,
2026-10-05,DA,蒙特利尔,"Analyst, Portfolio & Inventory Management, Planning & Methods",Bombardier,"Dorval, Quebec, Canada",,LinkedIn,2026-10-04,可能要求,https://www.linkedin.com/jobs/view/4439392444,
2026-10-05,DA,蒙特利尔,"Financial Analyst, Digital Initiatives-EN",CAE,"Montreal, Quebec, Canada",,LinkedIn,2026-10-04,加分,https://www.linkedin.com/jobs/view/4454626979,
2026-10-05,QA,蒙特利尔,PLM Business Analyst,Scalian,"Montreal, Quebec, Canada",,LinkedIn,2026-10-04,,https://www.linkedin.com/jobs/view/4464678752,
2026-10-05,QA,蒙特利尔,Systems Engineer (Aerospace),Insight Global,"Longueuil, Quebec, Canada",,LinkedIn,2026-10-04,加分,https://www.linkedin.com/jobs/view/4473357945,
2026-10-05,QA,蒙特利尔,Spécialiste en Développement des Commandes de Vol primaires / Primary Flight Control Systems Development Specialist,Airbus Aircraft,"Montreal, Quebec, Canada",,LinkedIn,2026-10-04,可能要求,https://www.linkedin.com/jobs/view/4445530596,
2026-10-05,QA,蒙特利尔,Spécialiste DevOps et Simulation pour les Commandes de vol / Specialist DevOps and Simulation for Flight Control,Airbus Aircraft,"Montreal, Quebec, Canada",,LinkedIn,2026-10-04,可能要求,https://www.linkedin.com/jobs/view/4445529618,
2026-10-05,QA,蒙特利尔,Intégrateur/Intégratrice Cabine,SOGECLAIR,"Montreal, Quebec, Canada",,LinkedIn,2026-10-04,可能要求,https://www.linkedin.com/jobs/view/4439078978,
2026-10-05,DA,GTA,Senior Data Analyst,Raise,"Toronto, Ontario, Canada",,LinkedIn,2026-10-05,,https://www.linkedin.com/jobs/view/4470495970,
2026-10-05,DA,GTA,"Senior Data Analyst I, Product",Mistplay,"Toronto, Ontario, Canada",,LinkedIn,2026-10-05,,https://www.linkedin.com/jobs/view/4475808194,
2026-10-05,DA,GTA,DIGITAL MEDIA OPERATIONS & ANALYTICS SPECIALIST,theturnlab,"Toronto, Ontario, Canada",,LinkedIn,2026-10-05,,https://www.linkedin.com/jobs/view/4474282548,
2026-10-05,DA,GTA,Market Research and Strategy Analyst,BlueSky Personnel Solutions,"Toronto, Ontario, Canada",,LinkedIn,2026-10-05,,https://www.linkedin.com/jobs/view/4475589474,
2026-10-05,DA,GTA,Strategic Finance Analytics Manager (Canada),PointClickCare,"Mississauga, Ontario, Canada",,LinkedIn,2026-10-05,,https://www.linkedin.com/jobs/view/4438320407,
2026-10-05,DA,GTA,Senior Allocation Analyst- Retail,Mejuri,"Toronto, Ontario, Canada",,LinkedIn,2026-10-05,,https://www.linkedin.com/jobs/view/4438357508,
2026-10-05,DA,GTA,Sales and Commercial Finance Intern (12 Months),BMW Group,"Richmond Hill, Ontario, Canada",,LinkedIn,2026-10-05,,https://www.linkedin.com/jobs/view/4441418187,
2026-10-05,DA,GTA,Financial Analyst,BlueSky Personnel Solutions,"Toronto, Ontario, Canada",,LinkedIn,2026-10-05,,https://www.linkedin.com/jobs/view/4474511920,
2026-10-05,QA,GTA,QA Engineer- Salesforce Marketing Cloud (SFMC),Tru,"Toronto, Ontario, Canada",,LinkedIn,2026-10-05,,https://www.linkedin.com/jobs/view/4474255853,
2026-10-05,QA,GTA,QA Automation - SAP,"Zodiac Solutions, Inc","Toronto, Ontario, Canada",,LinkedIn,2026-10-05,,https://www.linkedin.com/jobs/view/4473654384,
2026-10-05,QA,GTA,Application Support Analyst,"MHI Canada Aerospace, Inc.","Mississauga, Ontario, Canada",,LinkedIn,2026-10-05,,https://www.linkedin.com/jobs/view/4470625809,
2026-10-05,QA,GTA,QA Automation Engineer (12 Month Contract),TC Transcontinental,"Mississauga, Ontario, Canada",,LinkedIn,2026-10-05,可能要求,https://www.linkedin.com/jobs/view/4410797577,
2026-10-05,QA,GTA,Tosca QE Sr Analyst,Ardent SoftSol Inc.,"Toronto, Ontario, Canada",,LinkedIn,2026-10-05,,https://www.linkedin.com/jobs/view/4473346848,
2026-10-05,QA,GTA,SAP QA Automation,"Zodiac Solutions, Inc","Toronto, Ontario, Canada",,LinkedIn,2026-10-05,,https://www.linkedin.com/jobs/view/4473662108,
2026-10-05,QA,GTA,System Hardware Engineering Tester,Natus Medical Incorporated,"Oakville, Ontario, Canada",,LinkedIn,2026-10-05,,https://www.linkedin.com/jobs/view/4471102431,
2026-10-05,QA,GTA,"Technical Specialist, Quality Assurance",Hitachi Rail,"Toronto, Ontario, Canada",,LinkedIn,2026-10-05,加分,https://www.linkedin.com/jobs/view/4473636726,
2026-10-05,QA,GTA,Technical Business Analyst,J&M Group,"Toronto, Ontario, Canada",,LinkedIn,2026-10-05,,https://www.linkedin.com/jobs/view/4475599085,
2026-10-05,QA,GTA,Controls Tester,"Global Technical Talent, an Inc. 5000 Company","Toronto, Ontario, Canada",,LinkedIn,2026-10-05,,https://www.linkedin.com/jobs/view/4473657104,
2026-10-05,DA,GTA,"Senior Data Analyst I, Product",Mistplay,"Toronto, Ontario, Canada",,LinkedIn,2026-10-05,,https://www.linkedin.com/jobs/view/4475530565,
2026-10-05,DA,GTA,Data Scientist,Open Systems Technologies,"Mississauga, Ontario, Canada",,LinkedIn,2026-10-05,,https://www.linkedin.com/jobs/view/4472336891,
2026-10-05,DA,GTA,Digital Analytics Manager,Meridian Credit Union,"St. Catharines, Ontario, Canada",,LinkedIn,2026-10-05,,https://www.linkedin.com/jobs/view/4431183057,
2026-10-05,DA,GTA,"FRTB Technical Business Analyst, Market Risk",BMO,"Toronto, Ontario, Canada",,LinkedIn,2026-10-05,,https://www.linkedin.com/jobs/view/4452336391,
2026-10-05,DA,GTA,"Manager, Corporate Treasury - Funds Transfer Pricing",BMO,"Toronto, Ontario, Canada",,LinkedIn,2026-10-05,,https://www.linkedin.com/jobs/view/4453506660,
2026-10-05,DA,GTA,"Wait Times Coordinator - OR Business Center, Surgical Services",William Osler Health System,"Brampton, Ontario, Canada",,LinkedIn,2026-10-05,,https://www.linkedin.com/jobs/view/4475538532,
2026-10-05,DA,GTA,"Associate, FP&A - onsite Toronto",Welltower™ Inc. (NYSE:WELL),"Toronto, Ontario, Canada",,LinkedIn,2026-10-05,,https://www.linkedin.com/jobs/view/4475591386,
2026-10-05,DA,GTA,"Manager, Finance, Performance & Analytics",Stevenson Memorial Hospital,"Alliston, Ontario, Canada",,LinkedIn,2026-10-05,,https://www.linkedin.com/jobs/view/4475541210,
2026-10-05,DA,GTA,"Analyst, Total Rewards (Non-Union)",Alectra Inc.,"Woodbridge, Ontario, Canada",,LinkedIn,2026-10-05,,https://www.linkedin.com/jobs/view/4475540152,
2026-10-05,DA,GTA,Senior Financial Analyst,Sleeman Breweries Ltd.,"Guelph, Ontario, Canada",,LinkedIn,2026-10-05,,https://www.linkedin.com/jobs/view/4475589293,
2026-10-05,DA,GTA,Senior Financial Analyst - 14 Month Contract,Randstad Canada,"Toronto, Ontario, Canada",,LinkedIn,2026-10-05,,https://www.linkedin.com/jobs/view/4465921739,
2026-10-05,DA,GTA,"Coordinator, Program Planning and Analysis (Non-Union)",Alectra Inc.,"Guelph, Ontario, Canada",,LinkedIn,2026-10-05,,https://www.linkedin.com/jobs/view/4475533579,
2026-10-05,DA,GTA,Customer Growth Strategy Consultant,Accenture,"Toronto, Ontario, Canada",,LinkedIn,2026-10-05,,https://www.linkedin.com/jobs/view/4451101401,
2026-10-05,DA,GTA,RQ11635 – Software Developer – ETL – Senior,S M Software Solutions Inc,"Toronto, Ontario, Canada",,LinkedIn,2026-10-05,,https://www.linkedin.com/jobs/view/4475597424,
2026-10-05,DA,GTA,Incentive Compensation Manager,Movable Ink,"Toronto, Ontario, Canada",,LinkedIn,2026-10-05,,https://www.linkedin.com/jobs/view/4474288243,
2026-10-05,DA,GTA,MongoDB Data Modeler / Data Engineer,Confiar Services,"Toronto, Ontario, Canada",,LinkedIn,2026-10-05,,https://www.linkedin.com/jobs/view/4474287225,
2026-10-05,DA,GTA,Business Systems Analyst - Transfer Agency Operations,Scotiabank,"Toronto, Ontario, Canada",,LinkedIn,2026-10-05,,https://www.linkedin.com/jobs/view/4474218873,
2026-10-05,DA,GTA,Senior Financial Analyst,Brookfield,"Toronto, Ontario, Canada",,LinkedIn,2026-10-05,,https://www.linkedin.com/jobs/view/4458163701,
2026-10-05,DA,GTA,Senior Financial Analyst,Vaco by Highspring,"Etobicoke, Ontario, Canada",,LinkedIn,2026-10-05,,https://www.linkedin.com/jobs/view/4471907142,
2026-10-05,DA,GTA,Finance Manager,Clarity Recruitment,"Toronto, Ontario, Canada",,LinkedIn,2026-10-05,,https://www.linkedin.com/jobs/view/4474272656,
2026-10-05,DA,GTA,Financial Analyst,Syntrace,"Toronto, Ontario, Canada",,LinkedIn,2026-10-05,,https://www.linkedin.com/jobs/view/4473618249,
2026-10-05,DA,GTA,Data Engineer,HelloFresh,"Toronto, Ontario, Canada",,LinkedIn,2026-10-05,,https://www.linkedin.com/jobs/view/4475562541,
2026-10-05,DA,GTA,"Analyst, WFM Business Systems (Workforce Management Business Systems Analyst)",City of Brampton,"Brampton, Ontario, Canada",,LinkedIn,2026-10-05,,https://www.linkedin.com/jobs/view/4468600843,
2026-10-05,DA,GTA,Sales Operations - Placement Year,BMW Group,"Goodwood, Ontario, Canada",,LinkedIn,2026-10-05,,https://www.linkedin.com/jobs/view/4475535022,
2026-10-05,DA,GTA,Data Engineer – Azure Databricks / Data Modeling,Confiar Services,"Toronto, Ontario, Canada",,LinkedIn,2026-10-05,,https://www.linkedin.com/jobs/view/4474278660,
2026-10-05,DA,GTA,Senior Data Engineer - Snowflake & DBT Cloud,Enterprise Solutions Inc.,"Markham, Ontario, Canada",,LinkedIn,2026-10-05,,https://www.linkedin.com/jobs/view/4467135376,
2026-10-05,DA,GTA,Senior Sourcing Analyst - Packaging,Ya Ya Foods,"Toronto, ON, CA",,Indeed,2026-10-05,,https://ca.indeed.com/viewjob?jk=c50d2188b5e470ca,https://workforcenow.adp.com/mascsr/default/mdf/recruitment/recruitment.html?cid=afab40bb-f3a6-47af-91dc-9fac2fc2bba0&ccId=19000101_000001&jobId=585476&source=IN&lang=en_CA
2026-10-05,QA,GTA,Business/Testing Analyst,TekStaff IT Solutions,"Toronto, Ontario, Canada",,LinkedIn,2026-10-05,,https://www.linkedin.com/jobs/view/4475595902,
2026-10-05,QA,GTA,Quality Assurance Specialist,Olli Brands Inc.,"Etobicoke, Ontario, Canada",,LinkedIn,2026-10-05,,https://www.linkedin.com/jobs/view/4474285190,
2026-10-05,QA,GTA,Engineer - Supplier Quality,"MHI Canada Aerospace, Inc.","Mississauga, Ontario, Canada",,LinkedIn,2026-10-05,,https://www.linkedin.com/jobs/view/4464644098,
2026-10-05,QA,GTA,Quality Assurance Specialist - Supplier,Give and Go Prepared Foods,"Etobicoke, Ontario, Canada",,LinkedIn,2026-10-05,,https://www.linkedin.com/jobs/view/4467766250,
2026-10-05,QA,GTA,Continuous Improvement Engineer,Anatolia,"Vaughan, Ontario, Canada",,LinkedIn,2026-10-05,,https://www.linkedin.com/jobs/view/4474270923,
2026-10-05,QA,GTA,"Technical Specialist, Senior - Vital Software",Hitachi Rail,"Toronto, Ontario, Canada",,LinkedIn,2026-10-05,,https://www.linkedin.com/jobs/view/4473631889,
2026-10-05,QA,GTA,Project Business Analyst,Ontario Government | Gouvernement de l’Ontario,"Toronto, Ontario, Canada",,LinkedIn,2026-10-05,,https://www.linkedin.com/jobs/view/4475581522,
2026-10-05,QA,GTA,Business Analyst,"Reveille Technologies,Inc","Mississauga, Ontario, Canada",,LinkedIn,2026-10-05,,https://www.linkedin.com/jobs/view/4474287105,
2026-10-05,QA,GTA,"Assistant Manager, Middle Office",Apex Group Ltd,"Toronto, Ontario, Canada",,LinkedIn,2026-10-05,,https://www.linkedin.com/jobs/view/4473651677,
2026-10-05,QA,GTA,Mechanical Manufacturing Engineer,AVL Manufacturing Inc.,"Hamilton, Ontario, Canada",,LinkedIn,2026-10-05,,https://www.linkedin.com/jobs/view/4475588852,
2026-10-05,QA,GTA,Senior Developer - Uipath,Scotiabank,"Toronto, Ontario, Canada",,LinkedIn,2026-10-05,,https://www.linkedin.com/jobs/view/4437905505,
2026-10-05,QA,GTA,Senior Salesforce Production Support Engineer,Synechron,"Toronto, Ontario, Canada",,LinkedIn,2026-10-05,,https://www.linkedin.com/jobs/view/4423691005,
2026-10-05,QA,GTA,Senior Business Systems Analyst,KPMG Canada,"Vaughan, Ontario, Canada",,LinkedIn,2026-10-05,,https://www.linkedin.com/jobs/view/4179972894,
2026-10-05,QA,GTA,Business Improvement Specialist - Southern Cross Pet Insurance,Southern Cross Health Insurance,"Hamilton, Ontario, Canada",,LinkedIn,2026-10-05,,https://www.linkedin.com/jobs/view/4473610112,
2026-10-05,QA,GTA,Cyber Security Developer,BMO,"Toronto, Ontario, Canada",,LinkedIn,2026-10-05,,https://www.linkedin.com/jobs/view/4475552484,
2026-10-05,QA,GTA,Business Analyst with KYC /Fraud/AML,Staffingine LLC,"Mississauga, Ontario, Canada",,LinkedIn,2026-10-05,,https://www.linkedin.com/jobs/view/4475803280,
2026-10-05,QA,GTA,Process Improvement Lead,Livingston International,"Toronto, Ontario, Canada",,LinkedIn,2026-10-05,,https://www.linkedin.com/jobs/view/4474280821,
2026-10-05,QA,GTA,Cyber Security Developer,BMO,"Mississauga, Ontario, Canada",,LinkedIn,2026-10-05,,https://www.linkedin.com/jobs/view/4475541836,
2026-10-05,QA,GTA,"Process Engineering Associate, Co-op/New Grad",Boston Scientific,"Mississauga, Ontario, Canada",,LinkedIn,2026-10-05,,https://www.linkedin.com/jobs/view/4475509920,
2026-10-05,QA,GTA,HP NonStop (Tandem) Developer,Enterprise Solutions Inc.,"Toronto, Ontario, Canada",,LinkedIn,2026-10-05,,https://www.linkedin.com/jobs/view/4469696456,
2026-10-05,QA,GTA,PTC Windchill Technical Architect,Accenture,"Toronto, Ontario, Canada",,LinkedIn,2026-10-05,,https://www.linkedin.com/jobs/view/4443266702,
2026-10-05,QA,GTA,Business Analyst – KYC / Fraud & AML,Staffingine LLC,"Mississauga, Ontario, Canada",,LinkedIn,2026-10-05,,https://www.linkedin.com/jobs/view/4475800101,
2026-10-05,QA,GTA,Value Stream Owner,Enercare Inc.,"Markham, Ontario, Canada",,LinkedIn,2026-10-05,,https://www.linkedin.com/jobs/view/4474279732,
2026-10-05,QA,GTA,"Full stack Developer (Java, Angular, Openshift) | Mississauga, ON","Software Guidance & Assistance, Inc. (SGA, Inc.)","Mississauga, Ontario, Canada",,LinkedIn,2026-10-05,,https://www.linkedin.com/jobs/view/4473803268,
2026-10-05,QA,GTA,QA Manager Documentation Review - Onsite Mississauga,Thermo Fisher Scientific,"Mississauga, Ontario, Canada",,LinkedIn,2026-10-05,,https://www.linkedin.com/jobs/view/4473634357,
2026-10-05,QA,GTA,Consultant Developer (Software Developer) - Industry Innovation & Co-Development Group,Guidewire Software,"Toronto, Ontario, Canada",,LinkedIn,2026-10-05,,https://www.linkedin.com/jobs/view/4439358919,
2026-10-05,DA,GTA,"Program, Analyst",Bombardier,"Mississauga, Ontario, Canada",,LinkedIn,2026-10-04,,https://www.linkedin.com/jobs/view/4466735591,
2026-10-05,DA,GTA,"Senior Analyst, Credit Risk",Neo Financial,"Toronto, Ontario, Canada",,LinkedIn,2026-10-04,,https://www.linkedin.com/jobs/view/4420624431,
2026-10-05,QA,GTA,"Software Engineer, CMS (Registry Support)",AutoTrader.ca,"Toronto, Ontario, Canada",,LinkedIn,2026-10-04,,https://www.linkedin.com/jobs/view/4419072250,
2026-10-05,DA,GTA,Software Developer - Data and AI (12 month contract),Hammond Power Solutions,"Guelph, Ontario, Canada",,LinkedIn,2026-10-04,,https://www.linkedin.com/jobs/view/4445540891,
2026-10-05,DA,GTA,Senior Financial Analyst,Munich Re,"Toronto, Ontario, Canada",,LinkedIn,2026-10-04,,https://www.linkedin.com/jobs/view/4447792891,
2026-10-05,DA,GTA,Senior Analyst - Funds & Asset Management - Toronto,Fitch Ratings,"Toronto, Ontario, Canada",,LinkedIn,2026-10-04,,https://www.linkedin.com/jobs/view/4237038060,
2026-10-05,DA,GTA,"Manager, Pricing & Commercial Strategy",AutoTrader.ca,"Toronto, Ontario, Canada",,LinkedIn,2026-10-04,,https://www.linkedin.com/jobs/view/4447173333,
2026-10-05,DA,GTA,Success Insights Manager,Okta,"Toronto, Ontario, Canada",,LinkedIn,2026-10-04,,https://www.linkedin.com/jobs/view/4445025922,
2026-10-05,DA,GTA,Financial Crimes Technology Manager,PwC Canada,"Toronto, Ontario, Canada",,LinkedIn,2026-10-04,,https://www.linkedin.com/jobs/view/4310492362,
2026-10-05,DA,GTA,"Analyst, Program / Project Control",Bombardier,"Mississauga, Ontario, Canada",,LinkedIn,2026-10-04,,https://www.linkedin.com/jobs/view/4466735590,
2026-10-05,DA,GTA,Senior Consultant- Finance Optimization- Financial Accounting and Advisory Services- Assurance,EY,"Toronto, Ontario, Canada",,LinkedIn,2026-10-04,加分,https://www.linkedin.com/jobs/view/4400476283,
2026-10-05,DA,GTA,Senior Actuarial Associate - Global Actuarial Consulting Group,Munich Re,"Toronto, Ontario, Canada",,LinkedIn,2026-10-04,,https://www.linkedin.com/jobs/view/4429583465,
2026-10-05,DA,GTA,"Finance Manager, Sales & eCommerce","Church & Dwight Co., Inc.","Mississauga, Ontario, Canada",,LinkedIn,2026-10-04,,https://www.linkedin.com/jobs/view/4456295054,
2026-10-05,DA,GTA,Business Systems Analyst - Transfer Agency Operations,Scotiabank,"Toronto, ON, CA",,Indeed,2026-10-04,,https://ca.indeed.com/viewjob?jk=85234e886aa0bc5e,https://jobs.scotiabank.com/job/Toronto-Business-Systems-Analyst-Transfer-Agency-Operations-ON-M5H1B6/606716817/
2026-10-05,QA,GTA,QUALITY ADMINISTRATOR,Magna International,"Concord, Ontario, Canada",,LinkedIn,2026-10-04,,https://www.linkedin.com/jobs/view/4447504771,
2026-10-05,QA,GTA,Quality Management System (QMS) Lead,NWI Precision,"North York, Ontario, Canada",,LinkedIn,2026-10-04,,https://www.linkedin.com/jobs/view/4474224436,
2026-10-05,QA,GTA,Senior Corporate Compliance Auditor,McKesson,"Milton, Ontario, Canada",,LinkedIn,2026-10-04,可能要求,https://www.linkedin.com/jobs/view/4457371511,
2026-10-05,QA,GTA,Senior Consultant - SAP ABAP / S4,Infosys,"Mississauga, Ontario, Canada",,LinkedIn,2026-10-04,,https://www.linkedin.com/jobs/view/4445556222,
2026-10-05,QA,GTA,"Senior Software Engineer, CMS (Modernization of Registry)",AutoTrader.ca,"Toronto, Ontario, Canada",,LinkedIn,2026-10-04,,https://www.linkedin.com/jobs/view/4419077158,
2026-10-05,QA,GTA,D365 Finance & Operations Sr. Analyst,Yoush Consulting,"Toronto, Ontario, Canada",,LinkedIn,2026-10-04,,https://www.linkedin.com/jobs/view/4475510802,
2026-10-05,QA,GTA,Software Developer – Full Stack,SOFTLINE TECHNOLOGY,"Toronto, ON, CA",,Indeed,2026-10-04,,https://ca.indeed.com/viewjob?jk=d7562422f03b36e6,https://softlinetechnology.com/job/title-dashed-rq11645/
