职位,公司,地点,网站,依据,链接
"Analyste II, Information commerciale",TD,"Montreal, Quebec, Canada",LinkedIn,整篇职位描述是法语写的,https://www.linkedin.com/jobs/view/4477498789
Procurement & Supplier Analytics Associate (Hybrid),Morgan Stanley,"Montreal, Quebec, Canada",LinkedIn,Knowledge of French and English is required.,https://www.linkedin.com/jobs/view/4457497561
Decision Science Specialist,Air Transat,"Montreal, Quebec, Canada",LinkedIn,Oral and written fluency in French and English .,https://www.linkedin.com/jobs/view/4474826974
"Stagiaire, Analyste de Systèmes d'Information (Hiver 2027)",Bombardier,"Dorval, Quebec, Canada",LinkedIn,整篇职位描述是法语写的,https://www.linkedin.com/jobs/view/4477439541
Spécialiste en science de la décision,Air Transat,"Montreal, Quebec, Canada",LinkedIn,整篇职位描述是法语写的,https://www.linkedin.com/jobs/view/4474836687
"Spécialiste assurance qualité, automatisation-FR",Desjardins,"Montréal-Ouest, Quebec, Canada",LinkedIn,整篇职位描述是法语写的,https://www.linkedin.com/jobs/view/4475978412
SDET -Software Development Engineer in Test,Highspring,"Montreal, Quebec, Canada",LinkedIn,整篇职位描述是法语写的,https://www.linkedin.com/jobs/view/4477459263
Analyste QA - Tests manuels et automatisés,CGI,"Montreal, Quebec, Canada",LinkedIn,整篇职位描述是法语写的,https://www.linkedin.com/jobs/view/4477470243
Spécialiste en évaluation et assurance de l'IA,Systematix,"Montreal, Quebec, Canada",LinkedIn,整篇职位描述是法语写的,https://www.linkedin.com/jobs/view/4476211713
"Spécialiste, opération et tests utilisateur RDD",Videotron,"Montreal, Quebec, Canada",LinkedIn,整篇职位描述是法语写的,https://www.linkedin.com/jobs/view/4476208166
Analyste - Power BI,Fujitsu,"Montreal, Quebec, Canada",LinkedIn,整篇职位描述是法语写的,https://www.linkedin.com/jobs/view/4474752800
"Business Intelligence Analyst – Finance, Corporate Solutions",BBA Consultants,"Mont-St-Hilaire, Quebec, Canada",LinkedIn,Advanced French skills to facilitate collaboration with other BBA offices and/or clients in Québec,https://www.linkedin.com/jobs/view/4477618211
"Analyste en intelligence d’affaires – finance, Solutions corporatives",BBA Consultants,"Mont-St-Hilaire, Quebec, Canada",LinkedIn,整篇职位描述是法语写的,https://www.linkedin.com/jobs/view/4474880035
"Analyste, Information relative aux événements de marché",TMX Group,"Montreal, Quebec, Canada",LinkedIn,整篇职位描述是法语写的,https://www.linkedin.com/jobs/view/4468697994
Scientifique senior de données,National Bank of Canada,"Montreal, Quebec, Canada",LinkedIn,整篇职位描述是法语写的,https://www.linkedin.com/jobs/view/4475216263
DÉVELOPPEUR DE SOLUTIONS ANALYTIQUES,Chrome Technologies,"Montreal, Quebec, Canada",LinkedIn,整篇职位描述是法语写的,https://www.linkedin.com/jobs/view/4476291363
Senior Data Scientist,National Bank of Canada,"Montreal, Quebec, Canada",LinkedIn,Languages: French,https://www.linkedin.com/jobs/view/4474898963
"ANALYSTE PRINCIPAL(E), PLATFORME INTÉGRÉE DE SERVICES AUX OPÉRATIONS D'AFFAIRES",Chrome Technologies,"Montreal, Quebec, Canada",LinkedIn,整篇职位描述是法语写的,https://www.linkedin.com/jobs/view/4476294212
Conseiller(ère) Optimisation I,Hydro Québec,"Montreal, Quebec, Canada",LinkedIn,整篇职位描述是法语写的,https://www.linkedin.com/jobs/view/4474993589
Business Insights Analyst II,TD,"Montreal, Quebec, Canada",LinkedIn,Maîtrise d’une langue autre que le français pour offrir du soutien ou traiter avec des employés ou des collègues qui ont besoin de services et de soutien dans une langue autre que le français.,https://www.linkedin.com/jobs/view/4477470688
Transportation Analyst,BRP,"Saint-Philippe, Quebec, Canada",LinkedIn,"Bilingual (English and French) required, with strong verbal and written communication skills in both languages.",https://www.linkedin.com/jobs/view/4466238022
Specialist Fraud Prevention - Analytics and Identity - CIAM,Air Canada,"Dorval, Quebec, Canada",LinkedIn,"Based on equal qualifications, preference will be given to bilingual candidates.",https://www.linkedin.com/jobs/view/4474851248
"Spécialiste, Prévention des fraudes - Analytiques et Identité - CIAM",Air Canada,"Dorval, Quebec, Canada",LinkedIn,整篇职位描述是法语写的,https://www.linkedin.com/jobs/view/4474839100
"Analyste, transports",BRP,"Saint-Philippe, Quebec, Canada",LinkedIn,整篇职位描述是法语写的,https://www.linkedin.com/jobs/view/4468296577
Analyste produits et gestion des prix/ Product Pricing Analyst,ISN Canada Group Inc.,Greater Montreal Metropolitan Area,LinkedIn,Bilinguisme français et anglais requis ;,https://www.linkedin.com/jobs/view/4477437213
Analyste de marché - Market Analystcan you rewrite t,Altus Group,"Montreal, Quebec, Canada",LinkedIn,"Bilinguisme complet (français et anglais, à l’oral comme à l’écrit).",https://www.linkedin.com/jobs/view/4474854735
"Analyste/Analyse senior/Conseiller en actuariat, tarification",Croix Bleue du Québec,"Montreal, Quebec, Canada",LinkedIn,整篇职位描述是法语写的,https://www.linkedin.com/jobs/view/4467118018
Analyste logistique,UAP Inc.,"Montreal, Quebec, Canada",LinkedIn,整篇职位描述是法语写的,https://www.linkedin.com/jobs/view/4468233489
"Étudiant ou étudiante, analyste de données (Évaluation)",FCC / FAC,"Montréal-Ouest, Quebec, Canada",LinkedIn,整篇职位描述是法语写的,https://www.linkedin.com/jobs/view/4468318300
"Analyste, Planification financière et analyse (Montréal)",Investissement Québec,"Montreal, Quebec, Canada",LinkedIn,整篇职位描述是法语写的,https://www.linkedin.com/jobs/view/4440339692
Professionnel senior - Modélisation décisionnelle,EY,"Montreal, Quebec, Canada",LinkedIn,整篇职位描述是法语写的,https://www.linkedin.com/jobs/view/4437617468
"Analyste senior, gestion actif passif",Laurentian Bank,"Montreal, Quebec, Canada",LinkedIn,整篇职位描述是法语写的,https://www.linkedin.com/jobs/view/4474860358
Ingénieur(e) de données sénior,UNIMAX,"Boucherville, Quebec, Canada",LinkedIn,整篇职位描述是法语写的,https://www.linkedin.com/jobs/view/4476214288
"Chef d'équipe, analyse des données",Aylo,"Montreal, Quebec, Canada",LinkedIn,整篇职位描述是法语写的,https://www.linkedin.com/jobs/view/4469210025
"Analyste, planification et allocation",Aubainerie,"Montréal-Est, Quebec, Canada",LinkedIn,整篇职位描述是法语写的,https://www.linkedin.com/jobs/view/4477467643
"Senior Analyst, Asset and Liability Management",Laurentian Bank,"Montreal, Quebec, Canada",LinkedIn,Professional working proficiency in French and English languages required as position involves frequent written and oral communication on complex matters with internal and external parties in both lan,https://www.linkedin.com/jobs/view/4476208873
Développeur ou développeuse – intelligence d’affaires,Alliance de l'industrie touristique du Québec,"Laval, Quebec, Canada",LinkedIn,整篇职位描述是法语写的,https://www.linkedin.com/jobs/view/4475960898
Senior Analyst Enterprise Performance,Couche-Tard,"Laval, Quebec, Canada",LinkedIn,"Bilingualism required (Advanced French and English) both spoken and written, as the person will be required to work and communicate regularly in English while performing the tasks outlined above.",https://www.linkedin.com/jobs/view/4466234816
"Analyste financier, FP&A - Hybride - Jusqu'à 105K",Randstad Canada,"Montreal, Quebec, Canada",LinkedIn,整篇职位描述是法语写的,https://www.linkedin.com/jobs/view/4456264553
Analyste de projets PCO - Bâtiment,DUROKING Construction,"Mirabel, Quebec, Canada",LinkedIn,整篇职位描述是法语写的,https://www.linkedin.com/jobs/view/4477441917
Cyber Operations Analyst,Air Canada,"Dorval, QC, Canada",Indeed,"Based on equal qualifications, preference will be given to bilingual candidates.",https://ca.indeed.com/viewjob?jk=639bfc80ae25ad96
"Intern, Quality Analyst (Winter 2027)",Bombardier,"Dorval, QC, Canada",Indeed,"You are fluent in both French and English, spoken and written.",https://ca.indeed.com/viewjob?jk=b3e583afae0be9bd
Senior Design Quality Engineer / Ingénieur principal en qualité de la conception,Boston Scientific,"Montreal, Quebec, Canada",LinkedIn,"À la suite d’une évaluation, nous avons déterminé que les fonctions du poste de Senior Design Quality Engineer / Ingénieur principal en qualité de la conception exigent la connaissance de l’anglais, e",https://www.linkedin.com/jobs/view/4476347472
Spécialiste Validation - équipements et procédés,Ropack Pharma Solutions,Greater Montreal Metropolitan Area,LinkedIn,整篇职位描述是法语写的,https://www.linkedin.com/jobs/view/4457660020
Technicien.ne Qualité Senior,Colibrium Additive - a GE Aerospace company,"Boisbriand, Quebec, Canada",LinkedIn,整篇职位描述是法语写的,https://www.linkedin.com/jobs/view/4477600502
Analyste d'affaires informatique,AtkinsRéalis,"Montreal, Quebec, Canada",LinkedIn,整篇职位描述是法语写的,https://www.linkedin.com/jobs/view/4477606190
Responsable principal de l'automatisation des tests (SDET),Accenture,"Montreal, Quebec, Canada",LinkedIn,整篇职位描述是法语写的,https://www.linkedin.com/jobs/view/4447675915
Spécialiste Certification en Atelier / Shop Certification Specialist,Rolls-Royce,"Montreal, Quebec, Canada",LinkedIn,Bilingue français et anglais,https://www.linkedin.com/jobs/view/4477661391
Ingénieur.e/Spécialiste en validation pharmaceutique,LAPORTE,"Montreal, Quebec, Canada",LinkedIn,整篇职位描述是法语写的,https://www.linkedin.com/jobs/view/4474864466
Technologue en industrialisation,Teledyne Technologies Incorporated,"Bromont, Quebec, Canada",LinkedIn,整篇职位描述是法语写的,https://www.linkedin.com/jobs/view/4445529614
Analyste en assurance qualité (Maintenance applicative) - Hybride,ISAAC Instruments,"St-Bruno-de-Montarville, Quebec, Canada",LinkedIn,整篇职位描述是法语写的,https://www.linkedin.com/jobs/view/4474825805
"Analyste, Assurance Qualité",Bombardier,"Dorval, Quebec, Canada",LinkedIn,整篇职位描述是法语写的,https://www.linkedin.com/jobs/view/4440884285
"Spécialiste, Systèmes de la Qualité","Church & Dwight Co., Inc.","Montreal, Quebec, Canada",LinkedIn,整篇职位描述是法语写的,https://www.linkedin.com/jobs/view/4467111538
"Specialist, Quality Assurance",Moderna,"Laval, Quebec, Canada",LinkedIn,Fluency in French and English as working language.,https://www.linkedin.com/jobs/view/4476204815
Coordinateur qualité/Coordinatrice qualité,VAC AERO International Inc.,"Boucherville, Quebec, Canada",LinkedIn,整篇职位描述是法语写的,https://www.linkedin.com/jobs/view/4476788562
Ingenieur qualite | Quality Engineer,Pratt & Whitney,"Longueuil, Quebec, Canada",LinkedIn,"Although this position is part of a French-speaking work environment, it requires a working knowledge of English to read and understand specialized instructions, plans, drawings and technical terms th",https://www.linkedin.com/jobs/view/4449452936
Spécialiste en investigations – Laboratoire pharmaceutique,QuantiPharm Inc.,"Laval, Quebec, Canada",LinkedIn,整篇职位描述是法语写的,https://www.linkedin.com/jobs/view/4475966381
Spécialiste Conformité Electronique & Tests (Senior),SII Canada,"Montreal, Quebec, Canada",LinkedIn,整篇职位描述是法语写的,https://www.linkedin.com/jobs/view/4477450259
Analyste fonctionnel Guidewire ClaimCenter (Cloud/AWS),Procom,"Montreal, Quebec, Canada",LinkedIn,整篇职位描述是法语写的,https://www.linkedin.com/jobs/view/4475957719
Responsable qualité projets,REEL COH Inc.,"Boisbriand, Quebec, Canada",LinkedIn,整篇职位描述是法语写的,https://www.linkedin.com/jobs/view/4443958789
"Spécialiste, Gestion du risque / Specialist, Risk Management",Jubilant Pharma Limited,"Montreal, Quebec, Canada",LinkedIn,Bilinguisme (français et anglais);,https://www.linkedin.com/jobs/view/4449078771
Analyste TI,COFOMO,"Montreal, Quebec, Canada",LinkedIn,整篇职位描述是法语写的,https://www.linkedin.com/jobs/view/4477496018
"Spécialiste en instrumentation, Laboratoire contrôle de la qualité",JAMP Pharma Group,"Boucherville, Quebec, Canada",LinkedIn,整篇职位描述是法语写的,https://www.linkedin.com/jobs/view/4477424222
Inspecteur(trice) en assurance qualité,CANAROPA,"Montreal, Quebec, Canada",LinkedIn,整篇职位描述是法语写的,https://www.linkedin.com/jobs/view/4475986063
Développeur(-euse) logiciel – Intégration / Backfill Integration Developer – Canada (Montreal),mthree,"Montreal, Quebec, Canada",LinkedIn,La maîtrise du français pourrait être requise pour des rôles dans la province de Québec,https://www.linkedin.com/jobs/view/4474834095
Analyste applicatif,Astek,"Montreal, Quebec, Canada",LinkedIn,整篇职位描述是法语写的,https://www.linkedin.com/jobs/view/4475988767
Analyste applicatif – Développement et intégration,ALFACONSEIL.CA,"Montréal-Ouest, Quebec, Canada",LinkedIn,整篇职位描述是法语写的,https://www.linkedin.com/jobs/view/4475978038
"Analyste d’affaires, Données et analytique - Nouveau diplômé (janvier 2027)",BDO Canada,"Toronto, Ontario, Canada",LinkedIn,整篇职位描述是法语写的,https://www.linkedin.com/jobs/view/4477635114
Analyste principal(e) - Stratégie de tarification (Contrat de 12 mois),Staples Canada,"Richmond Hill, Ontario, Canada",LinkedIn,整篇职位描述是法语写的,https://www.linkedin.com/jobs/view/4469104620
"Analyste, Solutions Clients - Danone Canada",Danone,"Toronto, Ontario, Canada",LinkedIn,整篇职位描述是法语写的,https://www.linkedin.com/jobs/view/4468677551
"Analyste bilingue, unité d'enquête spécialisée",Echelon Insurance,"Mississauga, Ontario, Canada",LinkedIn,整篇职位描述是法语写的,https://www.linkedin.com/jobs/view/4296634444
Senior Business Information Management Analyst (HR Data Management),TD,"Toronto, ON, Canada",Indeed,Maîtrise d’une langue autre que le français pour offrir du soutien ou traiter avec des employés ou des collègues qui ont besoin de services et de soutien dans une langue autre que le français.,https://ca.indeed.com/viewjob?jk=ac9de7c3b2e5fe15
"Consultant, Technology Enablement",CIBC,"Toronto, Ontario, Canada",LinkedIn,"We may ask you to complete an attribute-based assessment and other skills test (such as simulation, coding, French proficiency).",https://www.linkedin.com/jobs/view/4477487269
